Language,Item_ID,TCR,TCI,TMR
English,EN_001,0.21,1.0,1.0
English,EN_002,0.172,1.0,1.0
English,EN_003,0.219,0.985,1.0
English,EN_004,0.271,1.0,1.0
English,EN_005,0.166,0.901,1.0
English,EN_006,0.166,0.989,1.0
English,EN_007,0.275,1.0,1.0
English,EN_008,0.226,1.0,1.0
English,EN_009,0.152,0.974,1.0
English,EN_010,0.213,0.96,1.0
English,EN_011,0.152,0.975,1.0
English,EN_012,0.152,1.0,1.0
English,EN_013,0.195,1.0,1.0
English,EN_014,0.065,0.974,1.0
English,EN_015,0.077,1.0,1.0
English,EN_016,0.146,1.0,1.0
English,EN_017,0.119,1.0,1.0
English,EN_018,0.199,0.965,1.0
English,EN_019,0.126,0.984,1.0
English,EN_020,0.095,0.98,1.0
English,EN_021,0.268,0.927,1.0
English,EN_022,0.166,1.0,1.0
English,EN_023,0.184,1.0,1.0
English,EN_024,0.095,1.0,1.0
English,EN_025,0.147,0.988,1.0
English,EN_026,0.187,0.929,1.0
English,EN_027,0.111,0.979,1.0
English,EN_028,0.203,0.983,1.0
English,EN_029,0.144,0.96,1.0
English,EN_030,0.162,0.992,1.0
English,EN_031,0.144,1.0,1.0
English,EN_032,0.291,1.0,1.0
English,EN_033,0.179,1.0,1.0
English,EN_034,0.117,1.0,1.0
English,EN_035,0.229,0.996,1.0
English,EN_036,0.107,0.904,1.0
English,EN_037,0.193,0.999,1.0
English,EN_038,0.062,1.0,1.0
English,EN_039,0.1,1.0,1.0
English,EN_040,0.192,0.99,1.0
English,EN_041,0.224,1.0,1.0
English,EN_042,0.19,0.998,1.0
English,EN_043,0.173,0.942,1.0
English,EN_044,0.162,1.0,1.0
English,EN_045,0.091,1.0,1.0
English,EN_046,0.137,1.0,1.0
English,EN_047,0.152,0.955,1.0
English,EN_048,0.243,1.0,1.0
English,EN_049,0.201,0.93,1.0
English,EN_050,0.074,1.0,1.0
English,EN_051,0.199,1.0,1.0
English,EN_052,0.157,0.95,1.0
English,EN_053,0.139,0.972,1.0
English,EN_054,0.217,1.0,1.0
English,EN_055,0.242,0.975,1.0
English,EN_056,0.236,0.922,1.0
English,EN_057,0.13,1.0,1.0
English,EN_058,0.161,0.947,1.0
English,EN_059,0.2,1.0,1.0
English,EN_060,0.239,0.954,1.0
English,EN_061,0.151,1.0,1.0
English,EN_062,0.169,0.961,1.0
English,EN_063,0.114,0.984,1.0
English,EN_064,0.108,1.0,1.0
English,EN_065,0.229,0.938,1.0
English,EN_066,0.261,1.0,1.0
English,EN_067,0.176,1.0,1.0
English,EN_068,0.24,0.92,1.0
English,EN_069,0.202,1.0,1.0
English,EN_070,0.141,1.0,1.0
English,EN_071,0.202,1.0,1.0
English,EN_072,0.272,0.938,1.0
English,EN_073,0.178,0.934,1.0
English,EN_074,0.274,1.0,1.0
English,EN_075,0.05,1.0,1.0
Russian,RU_001,0.405,0.704,1.62
Russian,RU_002,0.411,0.653,1.62
Russian,RU_003,0.349,0.596,1.62
Russian,RU_004,0.404,0.614,1.62
Russian,RU_005,0.408,0.684,1.62
Russian,RU_006,0.347,0.613,1.62
Russian,RU_007,0.502,0.661,1.62
Russian,RU_008,0.418,0.652,1.62
Russian,RU_009,0.319,0.617,1.62
Russian,RU_010,0.429,0.757,1.62
Russian,RU_011,0.332,0.682,1.62
Russian,RU_012,0.437,0.549,1.62
Russian,RU_013,0.46,0.659,1.62
Russian,RU_014,0.341,0.617,1.62
Russian,RU_015,0.448,0.693,1.62
Russian,RU_016,0.415,0.61,1.62
Russian,RU_017,0.439,0.644,1.62
Russian,RU_018,0.504,0.675,1.62
Russian,RU_019,0.375,0.693,1.62
Russian,RU_020,0.345,0.59,1.62
Russian,RU_021,0.337,0.633,1.62
Russian,RU_022,0.341,0.626,1.62
Russian,RU_023,0.385,0.617,1.62
Russian,RU_024,0.41,0.738,1.62
Russian,RU_025,0.407,0.67,1.62
Russian,RU_026,0.44,0.587,1.62
Russian,RU_027,0.391,0.696,1.62
Russian,RU_028,0.477,0.756,1.62
Russian,RU_029,0.374,0.702,1.62
Russian,RU_030,0.553,0.574,1.62
Russian,RU_031,0.428,0.626,1.62
Russian,RU_032,0.339,0.713,1.62
Russian,RU_033,0.326,0.615,1.62
Russian,RU_034,0.419,0.672,1.62
Russian,RU_035,0.377,0.689,1.62
Russian,RU_036,0.433,0.604,1.62
Russian,RU_037,0.418,0.647,1.62
Russian,RU_038,0.386,0.488,1.62
Russian,RU_039,0.339,0.599,1.62
Russian,RU_040,0.299,0.637,1.62
Russian,RU_041,0.363,0.588,1.62
Russian,RU_042,0.441,0.732,1.62
Russian,RU_043,0.403,0.578,1.62
Russian,RU_044,0.315,0.628,1.62
Russian,RU_045,0.4,0.657,1.62
Russian,RU_046,0.413,0.722,1.62
Russian,RU_047,0.337,0.578,1.62
Russian,RU_048,0.399,0.708,1.62
Russian,RU_049,0.393,0.651,1.62
Russian,RU_050,0.321,0.601,1.62
Russian,RU_051,0.411,0.673,1.62
Russian,RU_052,0.424,0.66,1.62
Russian,RU_053,0.455,0.62,1.62
Russian,RU_054,0.453,0.653,1.62
Russian,RU_055,0.307,0.631,1.62
Russian,RU_056,0.334,0.656,1.62
Russian,RU_057,0.421,0.683,1.62
Russian,RU_058,0.421,0.729,1.62
Russian,RU_059,0.421,0.588,1.62
Russian,RU_060,0.621,0.757,1.62
Russian,RU_061,0.424,0.552,1.62
Russian,RU_062,0.458,0.642,1.62
Russian,RU_063,0.447,0.679,1.62
Russian,RU_064,0.429,0.664,1.62
Russian,RU_065,0.371,0.619,1.62
Russian,RU_066,0.436,0.64,1.62
Russian,RU_067,0.344,0.625,1.62
Russian,RU_068,0.376,0.621,1.62
Russian,RU_069,0.361,0.692,1.62
Russian,RU_070,0.395,0.668,1.62
Russian,RU_071,0.529,0.615,1.62
Russian,RU_072,0.278,0.695,1.62
Russian,RU_073,0.431,0.665,1.62
Russian,RU_074,0.293,0.691,1.62
Russian,RU_075,0.362,0.681,1.62
Igbo,IG_001,0.599,0.282,1.0
Igbo,IG_002,0.612,0.364,1.0
Igbo,IG_003,0.677,0.329,1.0
Igbo,IG_004,0.671,0.429,1.0
Igbo,IG_005,0.639,0.28,1.0
Igbo,IG_006,0.646,0.278,1.0
Igbo,IG_007,0.704,0.29,1.0
Igbo,IG_008,0.61,0.214,1.0
Igbo,IG_009,0.667,0.294,1.0
Igbo,IG_010,0.63,0.282,1.0
Igbo,IG_011,0.629,0.328,1.0
Igbo,IG_012,0.695,0.337,1.0
Igbo,IG_013,0.681,0.414,1.0
Igbo,IG_014,0.681,0.368,1.0
Igbo,IG_015,0.705,0.291,1.0
Igbo,IG_016,0.641,0.275,1.0
Igbo,IG_017,0.674,0.345,1.0
Igbo,IG_018,0.624,0.254,1.0
Igbo,IG_019,0.656,0.412,1.0
Igbo,IG_020,0.633,0.379,1.0
Igbo,IG_021,0.645,0.297,1.0
Igbo,IG_022,0.67,0.234,1.0
Igbo,IG_023,0.599,0.388,1.0
Igbo,IG_024,0.745,0.314,1.0
Igbo,IG_025,0.59,0.382,1.0
Igbo,IG_026,0.579,0.24,1.0
Igbo,IG_027,0.698,0.29,1.0
Igbo,IG_028,0.68,0.32,1.0
Igbo,IG_029,0.671,0.322,1.0
Igbo,IG_030,0.671,0.297,1.0
Igbo,IG_031,0.639,0.351,1.0
Igbo,IG_032,0.595,0.267,1.0
Igbo,IG_033,0.644,0.313,1.0
Igbo,IG_034,0.606,0.326,1.0
Igbo,IG_035,0.689,0.346,1.0
Igbo,IG_036,0.633,0.356,1.0
Igbo,IG_037,0.599,0.264,1.0
Igbo,IG_038,0.624,0.243,1.0
Igbo,IG_039,0.661,0.384,1.0
Igbo,IG_040,0.612,0.337,1.0
Igbo,IG_041,0.599,0.283,1.0
Igbo,IG_042,0.652,0.398,1.0
Igbo,IG_043,0.652,0.326,1.0
Igbo,IG_044,0.615,0.379,1.0
Igbo,IG_045,0.616,0.323,1.0
Igbo,IG_046,0.652,0.423,1.0
Igbo,IG_047,0.568,0.408,1.0
Igbo,IG_048,0.57,0.308,1.0
Igbo,IG_049,0.604,0.369,1.0
Igbo,IG_050,0.629,0.352,1.0
Igbo,IG_051,0.656,0.388,1.0
Igbo,IG_052,0.714,0.272,1.0
Igbo,IG_053,0.683,0.354,1.0
Igbo,IG_054,0.632,0.373,1.0
Igbo,IG_055,0.639,0.232,1.0
Igbo,IG_056,0.59,0.261,1.0
Igbo,IG_057,0.639,0.218,1.0
Igbo,IG_058,0.626,0.307,1.0
Igbo,IG_059,0.656,0.356,1.0
Igbo,IG_060,0.599,0.395,1.0
Igbo,IG_061,0.666,0.324,1.0
Igbo,IG_062,0.717,0.401,1.0
Igbo,IG_063,0.635,0.251,1.0
Igbo,IG_064,0.66,0.235,1.0
Igbo,IG_065,0.675,0.317,1.0
Igbo,IG_066,0.62,0.339,1.0
Igbo,IG_067,0.651,0.318,1.0
Igbo,IG_068,0.641,0.217,1.0
Igbo,IG_069,0.645,0.316,1.0
Igbo,IG_070,0.601,0.255,1.0
Igbo,IG_071,0.641,0.353,1.0
Igbo,IG_072,0.665,0.338,1.0
Igbo,IG_073,0.713,0.273,1.0
Igbo,IG_074,0.688,0.294,1.0
Igbo,IG_075,0.748,0.267,1.0
Amharic,AM_001,2.615,0.11,1.0
Amharic,AM_002,3.022,0.119,1.0
Amharic,AM_003,2.246,0.202,1.0
Amharic,AM_004,2.842,0.213,1.0
Amharic,AM_005,2.428,0.155,1.0
Amharic,AM_006,2.323,0.232,1.0
Amharic,AM_007,2.597,0.117,1.0
Amharic,AM_008,2.226,0.197,1.0
Amharic,AM_009,2.419,0.139,1.0
Amharic,AM_010,2.161,0.167,1.0
Amharic,AM_011,3.426,0.202,1.0
Amharic,AM_012,2.654,0.157,1.0
Amharic,AM_013,2.36,0.181,1.0
Amharic,AM_014,2.726,0.25,1.0
Amharic,AM_015,2.595,0.171,1.0
Amharic,AM_016,2.552,0.242,1.0
Amharic,AM_017,2.886,0.144,1.0
Amharic,AM_018,2.943,0.226,1.0
Amharic,AM_019,2.428,0.272,1.0
Amharic,AM_020,2.41,0.076,1.0
Amharic,AM_021,2.53,0.16,1.0
Amharic,AM_022,1.719,0.229,1.0
Amharic,AM_023,2.034,0.19,1.0
Amharic,AM_024,3.187,0.219,1.0
Amharic,AM_025,3.298,0.17,1.0
Amharic,AM_026,2.54,0.204,1.0
Amharic,AM_027,2.871,0.192,1.0
Amharic,AM_028,2.765,0.258,1.0
Amharic,AM_029,3.872,0.213,1.0
Amharic,AM_030,3.088,0.217,1.0
Amharic,AM_031,2.589,0.179,1.0
Amharic,AM_032,2.258,0.176,1.0
Amharic,AM_033,1.997,0.178,1.0
Amharic,AM_034,2.721,0.22,1.0
Amharic,AM_035,2.337,0.179,1.0
Amharic,AM_036,2.071,0.214,1.0
Amharic,AM_037,2.381,0.304,1.0
Amharic,AM_038,2.207,0.244,1.0
Amharic,AM_039,3.315,0.184,1.0
Amharic,AM_040,2.993,0.26,1.0
Amharic,AM_041,2.637,0.18,1.0
Amharic,AM_042,3.232,0.098,1.0
Amharic,AM_043,2.671,0.15,1.0
Amharic,AM_044,2.295,0.106,1.0
Amharic,AM_045,3.249,0.182,1.0
Amharic,AM_046,2.856,0.201,1.0
Amharic,AM_047,2.225,0.284,1.0
Amharic,AM_048,2.564,0.216,1.0
Amharic,AM_049,2.29,0.189,1.0
Amharic,AM_050,2.087,0.241,1.0
Amharic,AM_051,3.01,0.089,1.0
Amharic,AM_052,3.404,0.212,1.0
Amharic,AM_053,2.081,0.239,1.0
Amharic,AM_054,2.865,0.126,1.0
Amharic,AM_055,2.38,0.257,1.0
Amharic,AM_056,2.445,0.217,1.0
Amharic,AM_057,2.403,0.179,1.0
Amharic,AM_058,2.294,0.232,1.0
Amharic,AM_059,2.659,0.314,1.0
Amharic,AM_060,2.308,0.209,1.0
Amharic,AM_061,2.748,0.212,1.0
Amharic,AM_062,2.62,0.177,1.0
Amharic,AM_063,2.544,0.158,1.0
Amharic,AM_064,2.277,0.242,1.0
Amharic,AM_065,2.409,0.157,1.0
Amharic,AM_066,2.942,0.204,1.0
Amharic,AM_067,2.84,0.176,1.0
Amharic,AM_068,2.249,0.224,1.0
Amharic,AM_069,2.68,0.217,1.0
Amharic,AM_070,2.941,0.252,1.0
Amharic,AM_071,1.972,0.174,1.0
Amharic,AM_072,2.857,0.187,1.0
Amharic,AM_073,2.375,0.151,1.0
Amharic,AM_074,2.868,0.178,1.0
Amharic,AM_075,2.335,0.219,1.0
